﻿<?xml version="1.0"?>
<!-- <!DOCTYPE Chapters SYSTEM "matroskachapters.dtd"> -->
<Chapters>
  <EditionEntry>
    <EditionUID>330488642979891858</EditionUID>
    <ChapterAtom>
      <ChapterUID>15374236676153074100</ChapterUID>
      <ChapterDisplay>
        <ChapterString>Película</ChapterString>
        <ChapterLanguage>spa</ChapterLanguage>
        <ChapterCountry>es</ChapterCountry>
      </ChapterDisplay>
      <ChapterTimeStart>00:00:00.000000000</ChapterTimeStart>
    </ChapterAtom>
    <ChapterAtom>
      <ChapterUID>14517590625759518112</ChapterUID>
      <ChapterDisplay>
        <ChapterString>Ending</ChapterString>
        <ChapterLanguage>spa</ChapterLanguage>
        <ChapterCountry>es</ChapterCountry>
      </ChapterDisplay>
      <ChapterTimeStart>01:40:23.000000000</ChapterTimeStart>
    </ChapterAtom>
    <ChapterAtom>
      <ChapterDisplay>
        <ChapterString>Epílogo</ChapterString>
        <ChapterLanguage>spa</ChapterLanguage>
        <ChapterCountry>es</ChapterCountry>
      </ChapterDisplay>
      <ChapterUID>4992256452445003408</ChapterUID>
      <ChapterTimeStart>01:44:46.000000000</ChapterTimeStart>
    </ChapterAtom>
  </EditionEntry>
</Chapters>
