﻿<?xml version="1.0"?>
<!-- <!DOCTYPE Chapters SYSTEM "matroskachapters.dtd"> -->
<Chapters>
  <EditionEntry>
    <EditionFlagDefault>1</EditionFlagDefault>
    <EditionUID>25608600</EditionUID>
    <EditionFlagHidden>0</EditionFlagHidden>
    <ChapterAtom>
      <ChapterUID>25608601</ChapterUID>
      <ChapterFlagHidden>0</ChapterFlagHidden>
      <ChapterFlagEnabled>1</ChapterFlagEnabled>
      <ChapterTimeStart>00:00:00.033000000</ChapterTimeStart>
      <ChapterDisplay>
        <ChapterString>Intro</ChapterString>
        <ChapterCountry>us</ChapterCountry>
        <ChapterLanguage>spa</ChapterLanguage>
      </ChapterDisplay>
    </ChapterAtom>
    <ChapterAtom>
      <ChapterUID>25608602</ChapterUID>
      <ChapterTimeStart>00:00:32.032000000</ChapterTimeStart>
      <ChapterTimeEnd>00:02:01.996875000</ChapterTimeEnd>
      <ChapterFlagHidden>0</ChapterFlagHidden>
      <ChapterFlagEnabled>1</ChapterFlagEnabled>
      <ChapterDisplay>
        <ChapterString>Opening</ChapterString>
        <ChapterCountry>us</ChapterCountry>
        <ChapterLanguage>spa</ChapterLanguage>
      </ChapterDisplay>
    </ChapterAtom>
    <ChapterAtom>
      <ChapterUID>25608603</ChapterUID>
      <ChapterFlagHidden>0</ChapterFlagHidden>
      <ChapterFlagEnabled>1</ChapterFlagEnabled>
      <ChapterTimeStart>00:02:01.996875000</ChapterTimeStart>
      <ChapterTimeEnd>00:11:43.035666667</ChapterTimeEnd>
      <ChapterDisplay>
        <ChapterString>Parte A</ChapterString>
        <ChapterCountry>us</ChapterCountry>
        <ChapterLanguage>spa</ChapterLanguage>
      </ChapterDisplay>
    </ChapterAtom>
    <ChapterAtom>
      <ChapterUID>25608604</ChapterUID>
      <ChapterFlagHidden>0</ChapterFlagHidden>
      <ChapterFlagEnabled>1</ChapterFlagEnabled>
      <ChapterTimeStart>00:11:43.035666667</ChapterTimeStart>
      <ChapterTimeEnd>00:22:59.961916667</ChapterTimeEnd>
      <ChapterDisplay>
        <ChapterString>Parte B</ChapterString>
        <ChapterCountry>us</ChapterCountry>
        <ChapterLanguage>spa</ChapterLanguage>
      </ChapterDisplay>
    </ChapterAtom>
    <ChapterAtom>
      <ChapterUID>25608605</ChapterUID>
      <ChapterTimeStart>00:22:59.961916667</ChapterTimeStart>
      <ChapterTimeEnd>00:24:30.010208333</ChapterTimeEnd>
      <ChapterFlagHidden>0</ChapterFlagHidden>
      <ChapterFlagEnabled>1</ChapterFlagEnabled>
      <ChapterDisplay>
        <ChapterString>Ending</ChapterString>
        <ChapterCountry>us</ChapterCountry>
        <ChapterLanguage>spa</ChapterLanguage>
      </ChapterDisplay>
    </ChapterAtom>
    <ChapterAtom>
      <ChapterUID>25608606</ChapterUID>
      <ChapterFlagHidden>0</ChapterFlagHidden>
      <ChapterFlagEnabled>1</ChapterFlagEnabled>
      <ChapterTimeStart>00:24:30.010208333</ChapterTimeStart>
      <ChapterTimeEnd>00:24:40.020208333</ChapterTimeEnd>
      <ChapterDisplay>
        <ChapterString>Siguiente</ChapterString>
        <ChapterCountry>us</ChapterCountry>
        <ChapterLanguage>spa</ChapterLanguage>
      </ChapterDisplay>
    </ChapterAtom>
  </EditionEntry>
</Chapters>
