﻿<?xml version="1.0"?>
<!-- <!DOCTYPE Chapters SYSTEM "matroskachapters.dtd"> -->
<Chapters>
  <EditionEntry>
    <EditionFlagDefault>1</EditionFlagDefault>
    <EditionUID>68340600</EditionUID>
    <EditionFlagHidden>0</EditionFlagHidden>
    <ChapterAtom>
      <ChapterUID>68340601</ChapterUID>
      <ChapterFlagHidden>0</ChapterFlagHidden>
      <ChapterFlagEnabled>1</ChapterFlagEnabled>
      <ChapterTimeStart>00:00:00.033000000</ChapterTimeStart>
      <ChapterDisplay>
        <ChapterString>Parte A</ChapterString>
        <ChapterCountry>us</ChapterCountry>
        <ChapterLanguage>spa</ChapterLanguage>
      </ChapterDisplay>
    </ChapterAtom>
    <ChapterAtom>
      <ChapterUID>68340602</ChapterUID>
      <ChapterFlagHidden>0</ChapterFlagHidden>
      <ChapterFlagEnabled>1</ChapterFlagEnabled>
      <ChapterTimeStart>00:10:33.049083333</ChapterTimeStart>
      <ChapterTimeEnd>00:22:13.040041667</ChapterTimeEnd>
      <ChapterDisplay>
        <ChapterString>Parte B</ChapterString>
        <ChapterCountry>us</ChapterCountry>
        <ChapterLanguage>spa</ChapterLanguage>
      </ChapterDisplay>
    </ChapterAtom>
    <ChapterAtom>
      <ChapterUID>68340603</ChapterUID>
      <ChapterFlagHidden>0</ChapterFlagHidden>
      <ChapterFlagEnabled>1</ChapterFlagEnabled>
      <ChapterTimeStart>00:22:13.040041667</ChapterTimeStart>
      <ChapterTimeEnd>00:23:43.046625000</ChapterTimeEnd>
      <ChapterDisplay>
        <ChapterString>Ending</ChapterString>
        <ChapterCountry>us</ChapterCountry>
        <ChapterLanguage>spa</ChapterLanguage>
      </ChapterDisplay>
    </ChapterAtom>
    <ChapterAtom>
      <ChapterUID>68340604</ChapterUID>
      <ChapterFlagHidden>0</ChapterFlagHidden>
      <ChapterFlagEnabled>1</ChapterFlagEnabled>
      <ChapterTimeStart>00:23:43.046625000</ChapterTimeStart>
      <ChapterTimeEnd>00:24:30.051916667</ChapterTimeEnd>
      <ChapterDisplay>
        <ChapterString>Epílogo</ChapterString>
        <ChapterCountry>us</ChapterCountry>
        <ChapterLanguage>spa</ChapterLanguage>
      </ChapterDisplay>
    </ChapterAtom>
    <ChapterAtom>
      <ChapterUID>68340605</ChapterUID>
      <ChapterFlagHidden>0</ChapterFlagHidden>
      <ChapterFlagEnabled>1</ChapterFlagEnabled>
      <ChapterTimeStart>00:24:30.051916667</ChapterTimeStart>
      <ChapterTimeEnd>00:24:40.061916667</ChapterTimeEnd>
      <ChapterDisplay>
        <ChapterString>Siguiente</ChapterString>
        <ChapterCountry>us</ChapterCountry>
        <ChapterLanguage>spa</ChapterLanguage>
      </ChapterDisplay>
    </ChapterAtom>
  </EditionEntry>
</Chapters>
