﻿<?xml version="1.0"?>
<!-- <!DOCTYPE Chapters SYSTEM "matroskachapters.dtd"> -->
<Chapters>
  <EditionEntry>
    <EditionFlagDefault>1</EditionFlagDefault>
    <EditionUID>21126200</EditionUID>
    <EditionFlagHidden>0</EditionFlagHidden>
    <ChapterAtom>
      <ChapterUID>21126201</ChapterUID>
      <ChapterFlagHidden>0</ChapterFlagHidden>
      <ChapterFlagEnabled>1</ChapterFlagEnabled>
      <ChapterTimeStart>00:00:00.033000000</ChapterTimeStart>
      <ChapterDisplay>
        <ChapterString>Prólogo</ChapterString>
        <ChapterCountry>us</ChapterCountry>
        <ChapterLanguage>spa</ChapterLanguage>
      </ChapterDisplay>
    </ChapterAtom>
    <ChapterAtom>
      <ChapterUID>21126202</ChapterUID>
      <ChapterTimeStart>00:00:30.030000000</ChapterTimeStart>
      <ChapterTimeEnd>00:02:00.036583333</ChapterTimeEnd>
      <ChapterFlagHidden>0</ChapterFlagHidden>
      <ChapterFlagEnabled>1</ChapterFlagEnabled>
      <ChapterDisplay>
        <ChapterString>Opening</ChapterString>
        <ChapterCountry>us</ChapterCountry>
        <ChapterLanguage>spa</ChapterLanguage>
      </ChapterDisplay>
    </ChapterAtom>
    <ChapterAtom>
      <ChapterUID>21126203</ChapterUID>
      <ChapterFlagHidden>0</ChapterFlagHidden>
      <ChapterFlagEnabled>1</ChapterFlagEnabled>
      <ChapterTimeStart>00:02:00.036583333</ChapterTimeStart>
      <ChapterTimeEnd>00:13:12.041250000</ChapterTimeEnd>
      <ChapterDisplay>
        <ChapterString>Parte A</ChapterString>
        <ChapterCountry>us</ChapterCountry>
        <ChapterLanguage>spa</ChapterLanguage>
      </ChapterDisplay>
    </ChapterAtom>
    <ChapterAtom>
      <ChapterUID>21126204</ChapterUID>
      <ChapterFlagHidden>0</ChapterFlagHidden>
      <ChapterFlagEnabled>1</ChapterFlagEnabled>
      <ChapterTimeStart>00:13:12.041250000</ChapterTimeStart>
      <ChapterTimeEnd>00:23:00.003625000</ChapterTimeEnd>
      <ChapterDisplay>
        <ChapterString>Parte B</ChapterString>
        <ChapterCountry>us</ChapterCountry>
        <ChapterLanguage>spa</ChapterLanguage>
      </ChapterDisplay>
    </ChapterAtom>
    <ChapterAtom>
      <ChapterUID>21126205</ChapterUID>
      <ChapterTimeStart>00:23:00.003625000</ChapterTimeStart>
      <ChapterTimeEnd>00:24:30.051916667</ChapterTimeEnd>
      <ChapterFlagHidden>0</ChapterFlagHidden>
      <ChapterFlagEnabled>1</ChapterFlagEnabled>
      <ChapterDisplay>
        <ChapterString>Ending</ChapterString>
        <ChapterCountry>us</ChapterCountry>
        <ChapterLanguage>spa</ChapterLanguage>
      </ChapterDisplay>
    </ChapterAtom>
    <ChapterAtom>
      <ChapterUID>21126206</ChapterUID>
      <ChapterFlagHidden>0</ChapterFlagHidden>
      <ChapterFlagEnabled>1</ChapterFlagEnabled>
      <ChapterTimeStart>00:24:30.051916667</ChapterTimeStart>
      <ChapterTimeEnd>00:24:40.061916667</ChapterTimeEnd>
      <ChapterDisplay>
        <ChapterString>Siguiente</ChapterString>
        <ChapterCountry>us</ChapterCountry>
        <ChapterLanguage>spa</ChapterLanguage>
      </ChapterDisplay>
    </ChapterAtom>
  </EditionEntry>
</Chapters>
