﻿<?xml version="1.0"?>
<!-- <!DOCTYPE Chapters SYSTEM "matroskachapters.dtd"> -->
<Chapters>
  <EditionEntry>
    <EditionFlagHidden>0</EditionFlagHidden>
    <EditionFlagDefault>0</EditionFlagDefault>
    <EditionUID>16980</EditionUID>
    <ChapterAtom>
      <ChapterUID>2993</ChapterUID>
      <ChapterFlagHidden>0</ChapterFlagHidden>
      <ChapterFlagEnabled>1</ChapterFlagEnabled>
      <ChapterTimeStart>00:00:00.980000000</ChapterTimeStart>
      <ChapterDisplay>
        <ChapterString>Intro</ChapterString>
        <ChapterLanguage>spa</ChapterLanguage>
      </ChapterDisplay>
    </ChapterAtom>
    <ChapterAtom>
      <ChapterUID>30563</ChapterUID>
      <ChapterFlagHidden>0</ChapterFlagHidden>
      <ChapterFlagEnabled>1</ChapterFlagEnabled>
      <ChapterTimeStart>00:00:28.028000000</ChapterTimeStart>
      <ChapterDisplay>
        <ChapterString>Opening</ChapterString>
        <ChapterLanguage>spa</ChapterLanguage>
      </ChapterDisplay>
    </ChapterAtom>
    <ChapterAtom>
      <ChapterUID>120563</ChapterUID>
      <ChapterFlagHidden>0</ChapterFlagHidden>
      <ChapterFlagEnabled>1</ChapterFlagEnabled>
      <ChapterTimeStart>00:01:58.035000000</ChapterTimeStart>
      <ChapterDisplay>
        <ChapterString>Parte A</ChapterString>
        <ChapterLanguage>spa</ChapterLanguage>
      </ChapterDisplay>
    </ChapterAtom>
    <ChapterAtom>
      <ChapterUID>633743</ChapterUID>
      <ChapterFlagHidden>0</ChapterFlagHidden>
      <ChapterFlagEnabled>1</ChapterFlagEnabled>
      <ChapterTimeStart>00:10:32.090000000</ChapterTimeStart>
      <ChapterDisplay>
        <ChapterString>Parte B</ChapterString>
        <ChapterLanguage>spa</ChapterLanguage>
      </ChapterDisplay>
    </ChapterAtom>
    <ChapterAtom>
      <ChapterUID>1381653</ChapterUID>
      <ChapterFlagHidden>0</ChapterFlagHidden>
      <ChapterFlagEnabled>1</ChapterFlagEnabled>
      <ChapterTimeStart>00:23:00.045000000</ChapterTimeStart>
      <ChapterDisplay>
        <ChapterString>Ending</ChapterString>
        <ChapterLanguage>spa</ChapterLanguage>
      </ChapterDisplay>
    </ChapterAtom>
    <ChapterAtom>
      <ChapterUID>1471243</ChapterUID>
      <ChapterFlagHidden>0</ChapterFlagHidden>
      <ChapterFlagEnabled>1</ChapterFlagEnabled>
      <ChapterTimeStart>00:24:30.094000000</ChapterTimeStart>
      <ChapterDisplay>
        <ChapterString>Siguiente</ChapterString>
        <ChapterLanguage>spa</ChapterLanguage>
      </ChapterDisplay>
    </ChapterAtom>
  </EditionEntry>
</Chapters>
