﻿<?xml version="1.0"?>
<!-- <!DOCTYPE Chapters SYSTEM "matroskachapters.dtd"> -->
<Chapters>
  <EditionEntry>
    <EditionFlagDefault>1</EditionFlagDefault>
    <EditionUID>52230000</EditionUID>
    <EditionFlagHidden>0</EditionFlagHidden>
    <ChapterAtom>
      <ChapterUID>52230001</ChapterUID>
      <ChapterFlagHidden>0</ChapterFlagHidden>
      <ChapterFlagEnabled>1</ChapterFlagEnabled>
      <ChapterTimeStart>00:00:00.033000000</ChapterTimeStart>
      <ChapterDisplay>
        <ChapterString>Prólogo</ChapterString>
        <ChapterCountry>us</ChapterCountry>
        <ChapterLanguage>spa</ChapterLanguage>
      </ChapterDisplay>
    </ChapterAtom>
    <ChapterAtom>
      <ChapterUID>52230002</ChapterUID>
      <ChapterFlagHidden>0</ChapterFlagHidden>
      <ChapterFlagEnabled>1</ChapterFlagEnabled>
      <ChapterTimeStart>00:02:07.001875000</ChapterTimeStart>
      <ChapterTimeEnd>00:03:37.008458333</ChapterTimeEnd>
      <ChapterDisplay>
        <ChapterString>Opening</ChapterString>
        <ChapterCountry>us</ChapterCountry>
        <ChapterLanguage>spa</ChapterLanguage>
      </ChapterDisplay>
    </ChapterAtom>
    <ChapterAtom>
      <ChapterUID>52230003</ChapterUID>
      <ChapterFlagHidden>0</ChapterFlagHidden>
      <ChapterFlagEnabled>1</ChapterFlagEnabled>
      <ChapterTimeStart>00:03:37.008458333</ChapterTimeStart>
      <ChapterTimeEnd>00:14:53.934708333</ChapterTimeEnd>
      <ChapterDisplay>
        <ChapterString>Parte A</ChapterString>
        <ChapterCountry>us</ChapterCountry>
        <ChapterLanguage>spa</ChapterLanguage>
      </ChapterDisplay>
    </ChapterAtom>
    <ChapterAtom>
      <ChapterUID>52230004</ChapterUID>
      <ChapterFlagHidden>0</ChapterFlagHidden>
      <ChapterFlagEnabled>1</ChapterFlagEnabled>
      <ChapterTimeStart>00:14:53.934708333</ChapterTimeStart>
      <ChapterTimeEnd>00:24:30.010208333</ChapterTimeEnd>
      <ChapterDisplay>
        <ChapterString>Parte B</ChapterString>
        <ChapterCountry>us</ChapterCountry>
        <ChapterLanguage>spa</ChapterLanguage>
      </ChapterDisplay>
    </ChapterAtom>
    <ChapterAtom>
      <ChapterUID>52230005</ChapterUID>
      <ChapterFlagHidden>0</ChapterFlagHidden>
      <ChapterFlagEnabled>1</ChapterFlagEnabled>
      <ChapterTimeStart>00:24:30.010208333</ChapterTimeStart>
      <ChapterTimeEnd>00:24:40.020208333</ChapterTimeEnd>
      <ChapterDisplay>
        <ChapterString>Siguiente</ChapterString>
        <ChapterCountry>us</ChapterCountry>
        <ChapterLanguage>spa</ChapterLanguage>
      </ChapterDisplay>
    </ChapterAtom>
  </EditionEntry>
</Chapters>
