﻿<?xml version="1.0"?>
<!-- <!DOCTYPE Chapters SYSTEM "matroskachapters.dtd"> -->
<Chapters>
  <EditionEntry>
    <EditionFlagDefault>1</EditionFlagDefault>
    <EditionUID>61208600</EditionUID>
    <EditionFlagHidden>0</EditionFlagHidden>
    <ChapterAtom>
      <ChapterUID>61208601</ChapterUID>
      <ChapterFlagHidden>0</ChapterFlagHidden>
      <ChapterFlagEnabled>1</ChapterFlagEnabled>
      <ChapterTimeStart>00:00:00.033000000</ChapterTimeStart>
      <ChapterDisplay>
        <ChapterString>Prólogo</ChapterString>
        <ChapterCountry>us</ChapterCountry>
        <ChapterLanguage>spa</ChapterLanguage>
      </ChapterDisplay>
    </ChapterAtom>
    <ChapterAtom>
      <ChapterUID>61208602</ChapterUID>
      <ChapterFlagHidden>0</ChapterFlagHidden>
      <ChapterFlagEnabled>1</ChapterFlagEnabled>
      <ChapterTimeStart>00:01:50.026583333</ChapterTimeStart>
      <ChapterTimeEnd>00:03:19.991458333</ChapterTimeEnd>
      <ChapterDisplay>
        <ChapterString>Opening</ChapterString>
        <ChapterCountry>us</ChapterCountry>
        <ChapterLanguage>spa</ChapterLanguage>
      </ChapterDisplay>
    </ChapterAtom>
    <ChapterAtom>
      <ChapterUID>61208603</ChapterUID>
      <ChapterFlagHidden>0</ChapterFlagHidden>
      <ChapterFlagEnabled>1</ChapterFlagEnabled>
      <ChapterTimeStart>00:03:19.991458333</ChapterTimeStart>
      <ChapterTimeEnd>00:12:23.993250000</ChapterTimeEnd>
      <ChapterDisplay>
        <ChapterString>Parte A</ChapterString>
        <ChapterCountry>us</ChapterCountry>
        <ChapterLanguage>spa</ChapterLanguage>
      </ChapterDisplay>
    </ChapterAtom>
    <ChapterAtom>
      <ChapterUID>61208604</ChapterUID>
      <ChapterFlagHidden>0</ChapterFlagHidden>
      <ChapterFlagEnabled>1</ChapterFlagEnabled>
      <ChapterTimeStart>00:12:23.993250000</ChapterTimeStart>
      <ChapterTimeEnd>00:22:59.961916667</ChapterTimeEnd>
      <ChapterDisplay>
        <ChapterString>Parte B</ChapterString>
        <ChapterCountry>us</ChapterCountry>
        <ChapterLanguage>spa</ChapterLanguage>
      </ChapterDisplay>
    </ChapterAtom>
    <ChapterAtom>
      <ChapterUID>61208605</ChapterUID>
      <ChapterFlagHidden>0</ChapterFlagHidden>
      <ChapterFlagEnabled>1</ChapterFlagEnabled>
      <ChapterTimeStart>00:22:59.961916667</ChapterTimeStart>
      <ChapterTimeEnd>00:24:30.010208333</ChapterTimeEnd>
      <ChapterDisplay>
        <ChapterString>Ending</ChapterString>
        <ChapterCountry>us</ChapterCountry>
        <ChapterLanguage>spa</ChapterLanguage>
      </ChapterDisplay>
    </ChapterAtom>
    <ChapterAtom>
      <ChapterUID>61208606</ChapterUID>
      <ChapterFlagHidden>0</ChapterFlagHidden>
      <ChapterFlagEnabled>1</ChapterFlagEnabled>
      <ChapterTimeStart>00:24:30.010208333</ChapterTimeStart>
      <ChapterTimeEnd>00:24:40.020208333</ChapterTimeEnd>
      <ChapterDisplay>
        <ChapterString>Siguiente</ChapterString>
        <ChapterCountry>us</ChapterCountry>
        <ChapterLanguage>spa</ChapterLanguage>
      </ChapterDisplay>
    </ChapterAtom>
  </EditionEntry>
</Chapters>
