﻿<?xml version="1.0"?>
<!-- <!DOCTYPE Chapters SYSTEM "matroskachapters.dtd"> -->
<Chapters>
  <EditionEntry>
    <EditionFlagHidden>0</EditionFlagHidden>
    <EditionFlagDefault>0</EditionFlagDefault>
    <EditionUID>2013</EditionUID>
    <ChapterAtom>
      <ChapterUID>2064</ChapterUID>
      <ChapterFlagHidden>0</ChapterFlagHidden>
      <ChapterFlagEnabled>1</ChapterFlagEnabled>
      <ChapterTimeStart>00:00:00.033000000</ChapterTimeStart>
      <ChapterDisplay>
        <ChapterString>Prólogo</ChapterString>
        <ChapterLanguage>spa</ChapterLanguage>
        <ChapLanguageIETF>es</ChapLanguageIETF>
      </ChapterDisplay>
    </ChapterAtom>
    <ChapterAtom>
      <ChapterUID>440295</ChapterUID>
      <ChapterFlagHidden>0</ChapterFlagHidden>
      <ChapterFlagEnabled>1</ChapterFlagEnabled>
      <ChapterTimeStart>00:07:18.230000000</ChapterTimeStart>
      <ChapterDisplay>
        <ChapterString>Película</ChapterString>
        <ChapterLanguage>spa</ChapterLanguage>
        <ChapLanguageIETF>es</ChapLanguageIETF>
      </ChapterDisplay>
    </ChapterAtom>
    <ChapterAtom>
      <ChapterUID>6884066</ChapterUID>
      <ChapterFlagHidden>0</ChapterFlagHidden>
      <ChapterFlagEnabled>1</ChapterFlagEnabled>
      <ChapterTimeStart>01:54:42.000000000</ChapterTimeStart>
      <ChapterDisplay>
        <ChapterString>Ending: de "Ima, hanashitai dare ka ga iru" de "Nogizaka46"</ChapterString>
        <ChapterLanguage>spa</ChapterLanguage>
        <ChapLanguageIETF>es</ChapLanguageIETF>
      </ChapterDisplay>
    </ChapterAtom>
  </EditionEntry>
</Chapters>
