﻿<?xml version="1.0"?>
<!-- <!DOCTYPE Chapters SYSTEM "matroskachapters.dtd"> -->
<Chapters>
  <EditionEntry>
    <EditionFlagHidden>0</EditionFlagHidden>
    <EditionFlagDefault>0</EditionFlagDefault>
    <EditionUID>2072543001</EditionUID>
    <ChapterAtom>
      <ChapterFlagEnabled>1</ChapterFlagEnabled>
      <ChapterFlagHidden>0</ChapterFlagHidden>
      <ChapterUID>4131077702</ChapterUID>
      <ChapterTimeStart>00:00:00.000000000</ChapterTimeStart>
      <ChapterTimeEnd>00:00:04.963000000</ChapterTimeEnd>
      <ChapterDisplay>
        <ChapterString>Opening</ChapterString>
        <ChapterLanguage>spa</ChapterLanguage>
        <ChapterCountry>es</ChapterCountry>
      </ChapterDisplay>
    </ChapterAtom>
    <ChapterAtom>
      <ChapterFlagEnabled>1</ChapterFlagEnabled>
      <ChapterFlagHidden>0</ChapterFlagHidden>
      <ChapterUID>9441443072</ChapterUID>
      <ChapterTimeStart>00:00:04.963000000</ChapterTimeStart>
      <ChapterTimeEnd>00:02:55.008000000</ChapterTimeEnd>
      <ChapterDisplay>
        <ChapterString>Capítulo</ChapterString>
        <ChapterLanguage>spa</ChapterLanguage>
        <ChapterCountry>es</ChapterCountry>
      </ChapterDisplay>
    </ChapterAtom>
    <ChapterAtom>
      <ChapterFlagEnabled>1</ChapterFlagEnabled>
      <ChapterFlagHidden>0</ChapterFlagHidden>
      <ChapterUID>777270105</ChapterUID>
      <ChapterTimeStart>00:02:55.008000000</ChapterTimeStart>
      <ChapterTimeEnd>00:03:24.913000000</ChapterTimeEnd>
      <ChapterDisplay>
        <ChapterString>Ending</ChapterString>
        <ChapterLanguage>spa</ChapterLanguage>
        <ChapterCountry>es</ChapterCountry>
      </ChapterDisplay>
    </ChapterAtom>
    <ChapterAtom>
      <ChapterFlagEnabled>1</ChapterFlagEnabled>
      <ChapterFlagHidden>0</ChapterFlagHidden>
      <ChapterUID>6724052668</ChapterUID>
      <ChapterTimeStart>00:03:24.913000000</ChapterTimeStart>
      <ChapterTimeEnd>00:03:29.876000000</ChapterTimeEnd>
      <ChapterDisplay>
        <ChapterString>Avance</ChapterString>
        <ChapterLanguage>spa</ChapterLanguage>
        <ChapterCountry>es</ChapterCountry>
      </ChapterDisplay>
    </ChapterAtom>
  </EditionEntry>
</Chapters>
