﻿<?xml version="1.0"?>
<!-- <!DOCTYPE Chapters SYSTEM "matroskachapters.dtd"> -->
<Chapters>
  <EditionEntry>
    <EditionFlagHidden>0</EditionFlagHidden>
    <EditionFlagDefault>0</EditionFlagDefault>
    <EditionUID>8700453875160085660</EditionUID>
    <ChapterAtom>
      <ChapterUID>9762820970265269402</ChapterUID>
      <ChapterTimeStart>00:00:00.000000000</ChapterTimeStart>
      <ChapterTimeEnd>00:01:34.010000000</ChapterTimeEnd>
      <ChapterFlagHidden>0</ChapterFlagHidden>
      <ChapterFlagEnabled>1</ChapterFlagEnabled>
      <ChapterDisplay>
        <ChapterString>Introducción</ChapterString>
        <ChapterLanguage>spa</ChapterLanguage>
      </ChapterDisplay>
    </ChapterAtom>
    <ChapterAtom>
      <ChapterUID>14335501920058249356</ChapterUID>
      <ChapterTimeStart>00:01:34.030000000</ChapterTimeStart>
      <ChapterTimeEnd>00:03:03.975000000</ChapterTimeEnd>
      <ChapterFlagHidden>0</ChapterFlagHidden>
      <ChapterFlagEnabled>1</ChapterFlagEnabled>
      <ChapterDisplay>
        <ChapterString>Opening</ChapterString>
        <ChapterLanguage>spa</ChapterLanguage>
      </ChapterDisplay>
    </ChapterAtom>
    <ChapterAtom>
      <ChapterUID>3976018425687186322</ChapterUID>
      <ChapterTimeStart>00:03:03.995000000</ChapterTimeStart>
      <ChapterTimeEnd>00:13:01.989000000</ChapterTimeEnd>
      <ChapterFlagHidden>0</ChapterFlagHidden>
      <ChapterFlagEnabled>1</ChapterFlagEnabled>
      <ChapterDisplay>
        <ChapterString>Parte A</ChapterString>
        <ChapterLanguage>spa</ChapterLanguage>
      </ChapterDisplay>
    </ChapterAtom>
    <ChapterAtom>
      <ChapterUID>8210996431265305232</ChapterUID>
      <ChapterTimeStart>00:13:02.009000000</ChapterTimeStart>
      <ChapterTimeEnd>00:22:23.008000000</ChapterTimeEnd>
      <ChapterFlagHidden>0</ChapterFlagHidden>
      <ChapterFlagEnabled>1</ChapterFlagEnabled>
      <ChapterDisplay>
        <ChapterString>Parte B</ChapterString>
        <ChapterLanguage>spa</ChapterLanguage>
      </ChapterDisplay>
    </ChapterAtom>
    <ChapterAtom>
      <ChapterUID>5123503109468624513</ChapterUID>
      <ChapterTimeStart>00:22:23.028000000</ChapterTimeStart>
      <ChapterTimeEnd>00:23:52.973000000</ChapterTimeEnd>
      <ChapterFlagHidden>0</ChapterFlagHidden>
      <ChapterFlagEnabled>1</ChapterFlagEnabled>
      <ChapterDisplay>
        <ChapterString>Ending</ChapterString>
        <ChapterLanguage>spa</ChapterLanguage>
      </ChapterDisplay>
    </ChapterAtom>
    <ChapterAtom>
      <ChapterUID>10868307455155877266</ChapterUID>
      <ChapterTimeStart>00:23:52.993000000</ChapterTimeStart>
      <ChapterTimeEnd>00:24:07.946000000</ChapterTimeEnd>
      <ChapterFlagHidden>0</ChapterFlagHidden>
      <ChapterFlagEnabled>1</ChapterFlagEnabled>
      <ChapterDisplay>
        <ChapterString>Avance</ChapterString>
        <ChapterLanguage>spa</ChapterLanguage>
      </ChapterDisplay>
    </ChapterAtom>
  </EditionEntry>
</Chapters>
