﻿<?xml version="1.0"?>
<!-- <!DOCTYPE Chapters SYSTEM "matroskachapters.dtd"> -->
<Chapters>
  <EditionEntry>
    <EditionFlagHidden>0</EditionFlagHidden>
    <EditionFlagDefault>0</EditionFlagDefault>
    <EditionUID>2113462349855855788</EditionUID>
    <ChapterAtom>
      <ChapterUID>6887009234269789356</ChapterUID>
      <ChapterTimeStart>00:00:00.000000000</ChapterTimeStart>
      <ChapterTimeEnd>00:02:33.027000000</ChapterTimeEnd>
      <ChapterFlagHidden>0</ChapterFlagHidden>
      <ChapterFlagEnabled>1</ChapterFlagEnabled>
      <ChapterDisplay>
        <ChapterString>Introducción</ChapterString>
        <ChapterLanguage>spa</ChapterLanguage>
      </ChapterDisplay>
    </ChapterAtom>
    <ChapterAtom>
      <ChapterUID>9550400556385477053</ChapterUID>
      <ChapterTimeStart>00:02:33.047000000</ChapterTimeStart>
      <ChapterTimeEnd>00:04:03.034000000</ChapterTimeEnd>
      <ChapterFlagHidden>0</ChapterFlagHidden>
      <ChapterFlagEnabled>1</ChapterFlagEnabled>
      <ChapterDisplay>
        <ChapterString>Opening</ChapterString>
        <ChapterLanguage>spa</ChapterLanguage>
      </ChapterDisplay>
    </ChapterAtom>
    <ChapterAtom>
      <ChapterUID>11820564775768669362</ChapterUID>
      <ChapterTimeStart>00:04:03.054000000</ChapterTimeStart>
      <ChapterTimeEnd>00:11:44.078000000</ChapterTimeEnd>
      <ChapterFlagHidden>0</ChapterFlagHidden>
      <ChapterFlagEnabled>1</ChapterFlagEnabled>
      <ChapterDisplay>
        <ChapterString>Parte A</ChapterString>
        <ChapterLanguage>spa</ChapterLanguage>
      </ChapterDisplay>
    </ChapterAtom>
    <ChapterAtom>
      <ChapterUID>7588531352710930564</ChapterUID>
      <ChapterTimeStart>00:11:44.098000000</ChapterTimeStart>
      <ChapterTimeEnd>00:21:01.009000000</ChapterTimeEnd>
      <ChapterFlagHidden>0</ChapterFlagHidden>
      <ChapterFlagEnabled>1</ChapterFlagEnabled>
      <ChapterDisplay>
        <ChapterString>Parte B</ChapterString>
        <ChapterLanguage>spa</ChapterLanguage>
      </ChapterDisplay>
    </ChapterAtom>
    <ChapterAtom>
      <ChapterUID>17701706547722707887</ChapterUID>
      <ChapterTimeStart>00:21:01.029000000</ChapterTimeStart>
      <ChapterTimeEnd>00:22:31.058000000</ChapterTimeEnd>
      <ChapterFlagHidden>0</ChapterFlagHidden>
      <ChapterFlagEnabled>1</ChapterFlagEnabled>
      <ChapterDisplay>
        <ChapterString>Ending</ChapterString>
        <ChapterLanguage>spa</ChapterLanguage>
      </ChapterDisplay>
    </ChapterAtom>
    <ChapterAtom>
      <ChapterUID>26104908528604038</ChapterUID>
      <ChapterTimeStart>00:22:31.078000000</ChapterTimeStart>
      <ChapterTimeEnd>00:23:53.014000000</ChapterTimeEnd>
      <ChapterFlagHidden>0</ChapterFlagHidden>
      <ChapterFlagEnabled>1</ChapterFlagEnabled>
      <ChapterDisplay>
        <ChapterString>Epílogo</ChapterString>
        <ChapterLanguage>spa</ChapterLanguage>
      </ChapterDisplay>
    </ChapterAtom>
    <ChapterAtom>
      <ChapterUID>4135701923028152976</ChapterUID>
      <ChapterTimeStart>00:23:53.034000000</ChapterTimeStart>
      <ChapterTimeEnd>00:24:07.988000000</ChapterTimeEnd>
      <ChapterFlagHidden>0</ChapterFlagHidden>
      <ChapterFlagEnabled>1</ChapterFlagEnabled>
      <ChapterDisplay>
        <ChapterString>Avance</ChapterString>
        <ChapterLanguage>spa</ChapterLanguage>
      </ChapterDisplay>
    </ChapterAtom>
  </EditionEntry>
</Chapters>
