﻿<?xml version="1.0"?>
<!-- <!DOCTYPE Chapters SYSTEM "matroskachapters.dtd"> -->
<Chapters>
  <EditionEntry>
    <EditionFlagHidden>0</EditionFlagHidden>
    <EditionFlagDefault>0</EditionFlagDefault>
    <EditionUID>308516417265356961</EditionUID>
    <ChapterAtom>
      <ChapterUID>8223428426280115104</ChapterUID>
      <ChapterTimeStart>00:00:00.000000000</ChapterTimeStart>
      <ChapterTimeEnd>00:00:44.044000000</ChapterTimeEnd>
      <ChapterFlagHidden>0</ChapterFlagHidden>
      <ChapterFlagEnabled>1</ChapterFlagEnabled>
      <ChapterDisplay>
        <ChapterString>Introducción</ChapterString>
        <ChapterLanguage>spa</ChapterLanguage>
      </ChapterDisplay>
    </ChapterAtom>
    <ChapterAtom>
      <ChapterUID>15500146818540141502</ChapterUID>
      <ChapterTimeStart>00:00:44.064000000</ChapterTimeStart>
      <ChapterTimeEnd>00:02:14.008000000</ChapterTimeEnd>
      <ChapterFlagHidden>0</ChapterFlagHidden>
      <ChapterFlagEnabled>1</ChapterFlagEnabled>
      <ChapterDisplay>
        <ChapterString>Opening</ChapterString>
        <ChapterLanguage>spa</ChapterLanguage>
      </ChapterDisplay>
    </ChapterAtom>
    <ChapterAtom>
      <ChapterUID>14659949202324649401</ChapterUID>
      <ChapterTimeStart>00:02:14.028000000</ChapterTimeStart>
      <ChapterTimeEnd>00:10:51.984000000</ChapterTimeEnd>
      <ChapterFlagHidden>0</ChapterFlagHidden>
      <ChapterFlagEnabled>1</ChapterFlagEnabled>
      <ChapterDisplay>
        <ChapterString>Parte A</ChapterString>
        <ChapterLanguage>spa</ChapterLanguage>
      </ChapterDisplay>
    </ChapterAtom>
    <ChapterAtom>
      <ChapterUID>15548881869510668438</ChapterUID>
      <ChapterTimeStart>00:10:52.004000000</ChapterTimeStart>
      <ChapterTimeEnd>00:22:23.008000000</ChapterTimeEnd>
      <ChapterFlagHidden>0</ChapterFlagHidden>
      <ChapterFlagEnabled>1</ChapterFlagEnabled>
      <ChapterDisplay>
        <ChapterString>Parte B</ChapterString>
        <ChapterLanguage>spa</ChapterLanguage>
      </ChapterDisplay>
    </ChapterAtom>
    <ChapterAtom>
      <ChapterUID>1189400249904914348</ChapterUID>
      <ChapterTimeStart>00:22:23.028000000</ChapterTimeStart>
      <ChapterTimeEnd>00:23:52.973000000</ChapterTimeEnd>
      <ChapterFlagHidden>0</ChapterFlagHidden>
      <ChapterFlagEnabled>1</ChapterFlagEnabled>
      <ChapterDisplay>
        <ChapterString>Ending</ChapterString>
        <ChapterLanguage>spa</ChapterLanguage>
      </ChapterDisplay>
    </ChapterAtom>
    <ChapterAtom>
      <ChapterUID>6210617573113421497</ChapterUID>
      <ChapterTimeStart>00:23:52.993000000</ChapterTimeStart>
      <ChapterTimeEnd>00:24:07.946000000</ChapterTimeEnd>
      <ChapterFlagHidden>0</ChapterFlagHidden>
      <ChapterFlagEnabled>1</ChapterFlagEnabled>
      <ChapterDisplay>
        <ChapterString>Avance</ChapterString>
        <ChapterLanguage>spa</ChapterLanguage>
      </ChapterDisplay>
    </ChapterAtom>
  </EditionEntry>
</Chapters>
